HS_CODE,ITEM_DESC,PANEL,GROUP
84701000,"Electronic calculators capable of operation without an external source of electric power and pocket-size data recording, reproducing and displaying machines with calculating functions
Other electronic calculating machines:",CONSUMER ELECTRONICS,Calculators
84702100,Calculator Incorporating a printing device,CONSUMER ELECTRONICS,Calculators
84702900,Other Calculators,CONSUMER ELECTRONICS,Calculators
84703000,Other calculating machines,CONSUMER ELECTRONICS,Calculators
85068010,Button cell ,CONSUMER ELECTRONICS,Battery
85068090,Other cells,CONSUMER ELECTRONICS,Battery
85069000,Parts of cells,CONSUMER ELECTRONICS,Parts of Batteries
85165000,Microwave oven,CONSUMER ELECTRONICS,Microwave Oven
85192000,"Apparatus operated by coins, Bank notes, bank cads, tokens or by other means of  payment",CONSUMER ELECTRONICS,Audio / Video Machine
85198910,Audio Compact Disc Player,CONSUMER ELECTRONICS,Audio / Video Machine
85198920,Compact disc changer including mini disc player/laser disc player,CONSUMER ELECTRONICS,Audio / Video Machine
85198930,Time Code recorder,CONSUMER ELECTRONICS,Audio / Video Machine
85198940,MP3 Player,CONSUMER ELECTRONICS,Audio / Video Machine
85198990,Other Audio Players,CONSUMER ELECTRONICS,Audio / Video Machine
85211011,"PROFESSIONAL VIDEO TAPE RECORDING WITH 3/4 OR 1"" TAPE",CONSUMER ELECTRONICS,Audio / Video Machine
85211012,Video recorders Betacam/Betacam SP/Digital Betacam S-VHS/Digital-S (Cassette Type),CONSUMER ELECTRONICS,Audio / Video Machine
85211019,Other  video player (Cassette Type),CONSUMER ELECTRONICS,Audio / Video Machine
85211021,Professional video tape recorders with 3/4 or 1 tape,CONSUMER ELECTRONICS,Audio / Video Machine
85211022,Video recorders Betacam/Betacam SP/Digital Betacam S-VHS/Digital-S (Spool type),CONSUMER ELECTRONICS,Audio / Video Machine
85211029,Other video players (Spool type),CONSUMER ELECTRONICS,Audio / Video Machine
85211091,"Professional video tape recorders with 3/4 or 1 ""tape solid state or otherwise",CONSUMER ELECTRONICS,Audio / Video Machine
85211092,Video recorders Betacam/Betacam SP/Digital Betacam S-VHS/Digital-S,CONSUMER ELECTRONICS,Audio / Video Machine
85211099,Other Video Recorders,CONSUMER ELECTRONICS,Audio / Video Machine
85219010,VIDEO DUPLICATING SYSTEM WITH MASTER AND SLAVE CONTROL,CONSUMER ELECTRONICS,Audio / Video Machine
85219020,DIGITAL VIDEO DISC PLAYER (DVD Player),CONSUMER ELECTRONICS,Audio / Video Machine
85219090,Other DVD Players,CONSUMER ELECTRONICS,Audio / Video Machine
85221000,Pick-up cartridges.,CONSUMER ELECTRONICS,Parts of Sound recording / reproducing apparatus
85229000,Other parts of sound recording / reproducing apparatus,CONSUMER ELECTRONICS,Parts of Sound recording / reproducing apparatus
85232100,Cards incorporating a magnetic stripe,CONSUMER ELECTRONICS,Smart Cards
85232910,Audio cassettes,CONSUMER ELECTRONICS,Audio Video Storage Units
85232920,Video cassette,CONSUMER ELECTRONICS,Audio Video Storage Units
85232930,"Video magnetic tape including those in hubs and reels, rools, pancakes and jumbo rolls",CONSUMER ELECTRONICS,Audio Video Storage Units
85232940,"3/4"" and 1"" video cassettes",CONSUMER ELECTRONICS,Audio Video Storage Units
85232950,"1/2"" video cassettes suitable to work with betacam, betacam SP/M II and VHS type VCR",CONSUMER ELECTRONICS,Audio Video Storage Units
85232960,"Other video cassettes and tapes 3/4"" and 1"" video cassettes",CONSUMER ELECTRONICS,Audio Video Storage Units
85232970,All kinds of Magnetic discs,CONSUMER ELECTRONICS,Audio Video Storage Units
85232980,Other Cartridge tape.,CONSUMER ELECTRONICS,Audio Video Storage Units
85232990,Other tapes,CONSUMER ELECTRONICS,Audio Video Storage Units
85234110,Un recorded compact disc,CONSUMER ELECTRONICS,Audio Video Storage Units
85234120,Blank master disc,CONSUMER ELECTRONICS,Audio Video Storage Units
85234130,Blank Gramophone Records,CONSUMER ELECTRONICS,Audio Video Storage Units
85234140,Blank cartridge tape,CONSUMER ELECTRONICS,Audio Video Storage Units
85234150,"Blank 1/2"" Video Cassettes  ",CONSUMER ELECTRONICS,Audio Video Storage Units
85234160,Blank DVD,CONSUMER ELECTRONICS,Audio Video Storage Units
85234190,Other Blank Optical Media,CONSUMER ELECTRONICS,Audio Video Storage Units
85234910,Audio Compact Disc ,CONSUMER ELECTRONICS,Audio Video Storage Units
85234920,Video Compact Disc,CONSUMER ELECTRONICS,Audio Video Storage Units
85234930,Stampers for CD ,CONSUMER ELECTRONICS,Audio Video Storage Units
85234940,DVD,CONSUMER ELECTRONICS,Audio Video Storage Units
85234950,Gramophone Records,CONSUMER ELECTRONICS,Audio Video Storage Units
85234960,Cartridge tape,CONSUMER ELECTRONICS,Audio Video Storage Units
85234970,"1/2"" video cassettes ",CONSUMER ELECTRONICS,Audio Video Storage Units
85234990,Other Optical Media,CONSUMER ELECTRONICS,Audio Video Storage Units
85235100,Solid-state non-voltatile storage devices,CONSUMER ELECTRONICS,Audio Video Storage Units
85235210,SIM CARDS,CONSUMER ELECTRONICS,Smart Cards
85235220,MEMORY CARDS,CONSUMER ELECTRONICS,Smart Cards
85235290,Other Smart cards,CONSUMER ELECTRONICS,Smart Cards
85235910,Proximity  Cards,CONSUMER ELECTRONICS,Smart Cards
85235990,Other Proxmimity Cards,CONSUMER ELECTRONICS,Smart Cards
85238010,Gramophone records,CONSUMER ELECTRONICS,Audio Video Storage Units
85238030,Audio-visual news or audio visual views,CONSUMER ELECTRONICS,Audio Video Storage Units
85238040,Children's video films,CONSUMER ELECTRONICS,Audio Video Storage Units
85238050,Video tapes of educational nature,CONSUMER ELECTRONICS,Audio Video Storage Units
85238090,Other Video CD,CONSUMER ELECTRONICS,Audio Video Storage Units
85258020,Digital cameras,CONSUMER ELECTRONICS,Camera
85258030,Video cameras recorders,CONSUMER ELECTRONICS,Camera
85258090,Other (Video cameras recorders),CONSUMER ELECTRONICS,Camera
85271200,Pocket-size radio cassette players,CONSUMER ELECTRONICS,Two-in-one
85271300,Other apparatus combined with sound recording or reproducing apparatus,CONSUMER ELECTRONICS,Two-in-one
85271900,Other Radio battery operated,CONSUMER ELECTRONICS,Two-in-one
85272100,Car Stereo,CONSUMER ELECTRONICS,Two-in-one
85272900,Other Two-in-one with external source of power,CONSUMER ELECTRONICS,Two-in-one
85279100,Other Radios Combined with sound recording or reproducing apparatus,CONSUMER ELECTRONICS,Two-in-one
85279200,Other Radios Not combined with sound recording or reproducing apparatus but combined with a clock,CONSUMER ELECTRONICS,Radio Receivers
85287100,Television Reception apparatus Not designed to incorporate a video display or screen,CONSUMER ELECTRONICS,Television
85287211,Colour Television set of screen size upto 36 cm,CONSUMER ELECTRONICS,Television
85287212,Colour Television set of screen size exceeding 36 cm. but not exceeding 54 cm.,CONSUMER ELECTRONICS,Television
85287213,Colour Television set of screen size exceeding 54 cm but not exceeding 68 cm,CONSUMER ELECTRONICS,Television
85287214,Colour Television set of screen size exceeding 68 cm but not exceeding 74 cm,CONSUMER ELECTRONICS,Television
85287215,Colour Television set of screen size exceeding 74 cm but not exceeding 87 cm,CONSUMER ELECTRONICS,Television
85287216,Colour Television set of screen size exceeding 87 cm but not exceeding 105 cm,CONSUMER ELECTRONICS,Television
85287217,Colour Television set of screen size exceeding 105 cm,CONSUMER ELECTRONICS,Television
85287218,Liquid crystal display television set of screen size below 63 cm,CONSUMER ELECTRONICS,Television
85287219,Other Colour TV,CONSUMER ELECTRONICS,Television
85287300,"Other, black and white or other monochrome :",CONSUMER ELECTRONICS,Television
85311010,Burglar alarm,CONSUMER ELECTRONICS,Alarms
85311020,FIRE ALARM,CONSUMER ELECTRONICS,Alarms
85311090,OTHER alarms,CONSUMER ELECTRONICS,Alarms
85393110,Compact Flourescent Lamps (CFL),CONSUMER ELECTRONICS,CFL
85393190,Other Compact Flourescent Lamps (CFL),CONSUMER ELECTRONICS,CFL
85393910,Energy Efficient Triphosphor Fluorescent ,CONSUMER ELECTRONICS,CFL
91011100,Electrically operated wrist watches with mechanical display,CONSUMER ELECTRONICS,Watches and Clocks
91011900,Othe Electrically operatated wrist watches,CONSUMER ELECTRONICS,Watches and Clocks
91019110,Electrically operated Pocket watches,CONSUMER ELECTRONICS,Watches and Clocks
91019120,Electrically operated STOP WATCHES,CONSUMER ELECTRONICS,Watches and Clocks
91019190,Electrically operated OTHER WATCHES,CONSUMER ELECTRONICS,Watches and Clocks
91021100,Electrically operated Wrist Watches with mechnical display,CONSUMER ELECTRONICS,Watches and Clocks
91021200,Wrist Watches with opto-electronic display only,CONSUMER ELECTRONICS,Watches and Clocks
91029110,Electrically operated Pocket watches,CONSUMER ELECTRONICS,Watches and Clocks
91029120,Electrically operated Stop watches,CONSUMER ELECTRONICS,Watches and Clocks
91029190,Electrically operated other watches,CONSUMER ELECTRONICS,Watches and Clocks
91031000,Electrically operated clocks ,CONSUMER ELECTRONICS,Watches and Clocks
91051100,Alarm clocks : Electrically operated,CONSUMER ELECTRONICS,Watches and Clocks
91052100,Electrically operated Wall clocks,CONSUMER ELECTRONICS,Watches and Clocks
91059100,"Clocks :  Battery, accumulator or mains powered",CONSUMER ELECTRONICS,Watches and Clocks
91061000,Time-registers; time-recorders,CONSUMER ELECTRONICS,Time registers
91069000,Other time registers,CONSUMER ELECTRONICS,Time registers
95045000,Video games of a kind used with a television receiver.,CONSUMER ELECTRONICS,Video Games
96138010,Electronic Cigarette Lighters,CONSUMER ELECTRONICS,Cigarette Lighters
84433920,Electrostatic photocopying apparatus operated by reproducing the original image directly onto the copy (direct process),ELECTRONIC INSTRUMENTS,Photocopier
84433930,Electrostatic photocopying apparatus operated by reproducing the original image via and intermediate onto the copy (indirect process),ELECTRONIC INSTRUMENTS,Photocopier
84433940,Other photocopying apparatus incorporating an optical system,ELECTRONIC INSTRUMENTS,Photocopier
84433950,Other photocoping apparatus of contact type,ELECTRONIC INSTRUMENTS,Photocopier
84433960,Thermo-copying apparatus,ELECTRONIC INSTRUMENTS,Photocopier
84433970,Facsimile machine not capable of getting connected to automatic data processing machines,ELECTRONIC INSTRUMENTS,Facsimile machine
84433990,Other photocopying machines,ELECTRONIC INSTRUMENTS,Photocopier
84439910,Automatic documents feeders of copying machines,ELECTRONIC INSTRUMENTS,Parts of Printing/copying machinery
84439920,Paper feeders of copying machines,ELECTRONIC INSTRUMENTS,Parts of Printing/copying machinery
84439930,Sorters of copying machines,ELECTRONIC INSTRUMENTS,Parts of Printing/copying machinery
84439940,Other parts of copying machines Parts,ELECTRONIC INSTRUMENTS,Parts of Printing/copying machinery
84439959,"Other parts of printing, copying, fascimile machines",ELECTRONIC INSTRUMENTS,Parts of Printing/copying machinery
84439960,Parts and accessories of electrostatic photocopying ,ELECTRONIC INSTRUMENTS,Parts of Printing/copying machinery
84439990,"Other parts of printing, copying, fascimile machines",ELECTRONIC INSTRUMENTS,Parts of Printing/copying machinery
84729091,Word processing machines,ELECTRONIC INSTRUMENTS,Electronic Typewriters
84729092,Automatic Typewriters,ELECTRONIC INSTRUMENTS,Electronic Typewriters
84705010,Electrically operated Cash Registers ,ELECTRONIC INSTRUMENTS,Cash Registers
84709010,Other Cash Registers ,ELECTRONIC INSTRUMENTS,Cash Registers
84729020,Digital Dublicators,ELECTRONIC INSTRUMENTS,Printer and copier
84729030,Automatic Teller Machines,ELECTRONIC INSTRUMENTS,ATM
84734010,"Parts of duplicating machines, hectograph or stencil machines",ELECTRONIC INSTRUMENTS,Parts of Printing/copying machinery
85044010,Electric Invertors ,ELECTRONIC INSTRUMENTS,Invertor
85044021,Dip bridge rectifiers,ELECTRONIC INSTRUMENTS,Rectifier
85044029,Other Rectifiers,ELECTRONIC INSTRUMENTS,Rectifier
85044030,Battery Chargers,ELECTRONIC INSTRUMENTS,Rectifier
85044040,VOLTAGE REGULATOR & STABLIZERS,ELECTRONIC INSTRUMENTS,Voltage Stabilizers
85044090,Other voltage regulators,ELECTRONIC INSTRUMENTS,Voltage Stabilizers
85158010,High Freequency Plastic Welding Machine,ELECTRONIC INSTRUMENTS,High Freequency Plastic Welding Machine
85167920,Electrical or Electronic insect repelling devices,ELECTRONIC INSTRUMENTS,Insect Repellent
85181000,Microphones and stands therefor,ELECTRONIC INSTRUMENTS,Loudspeakers / Microphones
85182100,"Single loudspeakers, mounted in their enclosure.",ELECTRONIC INSTRUMENTS,Loudspeakers / Microphones
85182200,"Multiple loudspeakers, mounted in the same enclosure.",ELECTRONIC INSTRUMENTS,Loudspeakers / Microphones
85182900,LOUD SPEAKERS : OTHERS,ELECTRONIC INSTRUMENTS,Loudspeakers / Microphones
85183000,"Headphones and earphones, whether or not combined with microphone, and sets consisting of a microphone and one or more loudspeakers",ELECTRONIC INSTRUMENTS,Loudspeakers / Microphones
85184000,Audio-frequency electric amplifier.,ELECTRONIC INSTRUMENTS,PA System
85185000,Electric sound amplifier set. (P.A.system).,ELECTRONIC INSTRUMENTS,PA System
85189000,Parts of Amplifier,ELECTRONIC INSTRUMENTS,PA System - Parts
85193000,Turntables (record-decks) :,ELECTRONIC INSTRUMENTS,Audio / Video Machine
85198100,"Sound recording / reproducing apparatus Using magnetic, optical or Semiconductor media",ELECTRONIC INSTRUMENTS,Audio / Video Machine
85269110,Direction measuring equipment,ELECTRONIC INSTRUMENTS,Navigational instruments
85269120,Instrument landing system,ELECTRONIC INSTRUMENTS,Navigational instruments
85269130,Direction finding equipment,ELECTRONIC INSTRUMENTS,Navigational instruments
85269140,Non directional beacon,ELECTRONIC INSTRUMENTS,Navigational instruments
85431010,Ion implanters for doping semiconductor materials,ELECTRONIC INSTRUMENTS,Particle accelerators 
85431020,"Vane Graff, Cock Croft, Walton accelerators",ELECTRONIC INSTRUMENTS,Particle accelerators 
85431030,"Synchrocyclotrons, synchrotrons",ELECTRONIC INSTRUMENTS,Particle accelerators 
85431090,Others including cyclotrons,ELECTRONIC INSTRUMENTS,Particle accelerators 
85432010,Sweep generators,ELECTRONIC INSTRUMENTS,Signal Generators
85432020,Impluse generators,ELECTRONIC INSTRUMENTS,Signal Generators
85432030,Tacho generators,ELECTRONIC INSTRUMENTS,Signal Generators
85432090,Other Signal Generators ,ELECTRONIC INSTRUMENTS,Signal Generators
85433000,"Machines and apparatus for electroplating, electrolysis or electrophoresis",ELECTRONIC INSTRUMENTS,Electroplating and similar machines
85437011,Machines for Proximity Cards and Tags,ELECTRONIC INSTRUMENTS,Detector
85437012,Metal Detector,ELECTRONIC INSTRUMENTS,Detector
85437013,Mine Detector,ELECTRONIC INSTRUMENTS,Detector
85437019,Other Machines and Apparatus ,ELECTRONIC INSTRUMENTS,Detector
85437021,Digital  Reverberators,ELECTRONIC INSTRUMENTS,Audio Video machines / mixers
85437022,Mixing systems or consoles ,ELECTRONIC INSTRUMENTS,Audio Video machines / mixers
85437029,Other Audio special effect equipments:,ELECTRONIC INSTRUMENTS,Audio Video machines / mixers
85437031,Video mixing systems or consoles,ELECTRONIC INSTRUMENTS,Audio Video machines / mixers
85437032,Video effect systems,ELECTRONIC INSTRUMENTS,Audio Video machines / mixers
85437033,Digital layering machine,ELECTRONIC INSTRUMENTS,Audio Video machines / mixers
85437034,Paint Box,ELECTRONIC INSTRUMENTS,Audio Video machines / mixers
85437035,Video typewriter,ELECTRONIC INSTRUMENTS,Audio Video machines / mixers
85437036,Video matting machines,ELECTRONIC INSTRUMENTS,Audio Video machines / mixers
85437039,Other Video Special Effect Machines,ELECTRONIC INSTRUMENTS,Audio Video machines / mixers
85437041,Edit Control unit : Computerised editing sytem controlling more than three video editing machines,ELECTRONIC INSTRUMENTS,Audio Video machines / mixers
85437042,Other video control units ,ELECTRONIC INSTRUMENTS,Audio Video machines / mixers
85437049,Other video edit control units ,ELECTRONIC INSTRUMENTS,Audio Video machines / mixers
85437050,Colour correctors,ELECTRONIC INSTRUMENTS,Audio Video machines / mixers
85437061,Broadcast Amplifier,ELECTRONIC INSTRUMENTS,Audio Video machines / mixers
85437062,"Limiting amplifer, video distribution amplifier and stabilising amplifers",ELECTRONIC INSTRUMENTS,Audio Video machines / mixers
85437069,Other video amplifiers,ELECTRONIC INSTRUMENTS,Audio Video machines / mixers
85437071,Graphic equalizer,ELECTRONIC INSTRUMENTS,Audio Video machines / mixers
85437072,Synthesized Receivers ,ELECTRONIC INSTRUMENTS,Audio Video machines / mixers
85437092,Equipment / gadgets based on solar energy,ELECTRONIC INSTRUMENTS,Solar Equipment
85437093,Professional beauty care Equipment,ELECTRONIC INSTRUMENTS,Beauty care Equipments
85437094,Audio video stereo encoders,ELECTRONIC INSTRUMENTS,Audio Video machines / mixers
85437095,Time code generators,ELECTRONIC INSTRUMENTS,Audio Video machines / mixers
85437099,Other audio video machines,ELECTRONIC INSTRUMENTS,Audio Video machines / mixers
85439000,Parts of  audio video machines,ELECTRONIC INSTRUMENTS,Audio Video machines / mixers
90063000,"Camera's for under water medical, surgical, forensic ",ELECTRONIC INSTRUMENTS,Camera
90064000,Instant Print Cameras,ELECTRONIC INSTRUMENTS,Camera
90121010,Electron microscopes fitted with equipment specifically designed for the handling and transport of semi-conductor wafers or reticles,ELECTRONIC INSTRUMENTS,Microscopes
90121090,Other microscopes,ELECTRONIC INSTRUMENTS,Microscopes
90129000,Parts and accessories of microscopes,ELECTRONIC INSTRUMENTS,Parts of microscopes
90132000,"Lasers, other than laser diodes.",ELECTRONIC INSTRUMENTS,Lasers
90142000,Instruments and appliances for aeronautical or space navigation (other than compasses),ELECTRONIC INSTRUMENTS,Navigational instruments
90148010,Echo sounding instruments,ELECTRONIC INSTRUMENTS,Navigational instruments
90148090,Other navigation instruments and appliances :  ,ELECTRONIC INSTRUMENTS,Navigational instruments
90158010,Hydrographic instruments,ELECTRONIC INSTRUMENTS,Surveying instruments
90158020,Metorological instruments,ELECTRONIC INSTRUMENTS,Surveying instruments
90158030,Geophysical instruments,ELECTRONIC INSTRUMENTS,Surveying instruments
90158090,Other surveying instruments,ELECTRONIC INSTRUMENTS,Surveying instruments
90159000,Parts and accessories of surveying instruments,ELECTRONIC INSTRUMENTS,Parts of Surveying instruments
90160010,Electric Balances,ELECTRONIC INSTRUMENTS,Electronic Balances
90181100,Electro-cardiographs (ECG),ELECTRONIC INSTRUMENTS,Medical Equipments
90181210,Linear ultrasound scanner,ELECTRONIC INSTRUMENTS,Medical Equipments
90181290,Other ultrasound scanning appartus,ELECTRONIC INSTRUMENTS,Medical Equipments
90181300,Magnetic resonance imaging apparatus,ELECTRONIC INSTRUMENTS,Medical Equipments
90181400,Scientigraphic apparatus,ELECTRONIC INSTRUMENTS,Medical Equipments
90181910,Electro encephalographs.,ELECTRONIC INSTRUMENTS,Medical Equipments
90181920,Echo cardiograph,ELECTRONIC INSTRUMENTS,Medical Equipments
90181990,Other medical equipments,ELECTRONIC INSTRUMENTS,Medical Equipments
90182000,Ultra-violet or infra-redray apparatus ,ELECTRONIC INSTRUMENTS,Medical Equipments
90185030,Ophthalmic lasers,ELECTRONIC INSTRUMENTS,Medical Equipments
90214010,Frequency modulated hearing aid system used for hearing by handicapped persons in group situation,ELECTRONIC INSTRUMENTS,Medical Equipments
90214090,Other hearing instruments for medical use,ELECTRONIC INSTRUMENTS,Medical Equipments
90215000,"Pacemakers for stimulating heart muscles, excluding parts and accessories",ELECTRONIC INSTRUMENTS,Medical Equipments
90221200,Computed tomography apparatus,ELECTRONIC INSTRUMENTS,X ray equipments
90221300,Other Xray apparatus for dental uses,ELECTRONIC INSTRUMENTS,X ray equipments
90221410,X-ray generators and appartus(Non-portable),ELECTRONIC INSTRUMENTS,X ray equipments
90221420,Portable X-ray machine,ELECTRONIC INSTRUMENTS,X ray equipments
90221490,Others X ray equipments,ELECTRONIC INSTRUMENTS,X ray equipments
90221900,X Ray for other uses,ELECTRONIC INSTRUMENTS,X ray equipments
90222100,"Alpha, Beta or Gamma rediation equipmemts For medical,surgical, dental or veterinary uses.",ELECTRONIC INSTRUMENTS,Medical Equipments
90222900,"Alpha, Beta or Gamma rediation equipmemts For other uses.",ELECTRONIC INSTRUMENTS,Radiation equipments
90229020,Radiation generation units,ELECTRONIC INSTRUMENTS,Radiation equipments
90229030,Radiation beam delevery units,ELECTRONIC INSTRUMENTS,Radiation equipments
90229090,OTHER Radiation equipments,ELECTRONIC INSTRUMENTS,Radiation equipments
90251910,Digital thermometers,ELECTRONIC INSTRUMENTS,Digital thermometers
90251920,Digital Pyrometer / Radiation Pyrometer,ELECTRONIC INSTRUMENTS,Pyrometer
90271000,Gas or smoke analysis apparatus,ELECTRONIC INSTRUMENTS,Physical or Chemical analysis equipments
90272000,Chromatographs and electro-phoresis instruments.,ELECTRONIC INSTRUMENTS,Physical or Chemical analysis equipments
90273020,Spectrophotometers.,ELECTRONIC INSTRUMENTS,Instrument to measure light
90273090,Other instruments and apparatus for measuring light,ELECTRONIC INSTRUMENTS,Instrument to measure light
90275010,Photometers,ELECTRONIC INSTRUMENTS,Instrument to measure light
90275020,Refractometers,ELECTRONIC INSTRUMENTS,Instrument to measure light
90275090,Other Measuring instruments,ELECTRONIC INSTRUMENTS,Other Measuring Instruments 
90278040,Nuclear Magnetic Resonance instrument,ELECTRONIC INSTRUMENTS,Medical Equipments
90301000,Instruments and apparatus for measuring or detecting ionising radiations,ELECTRONIC INSTRUMENTS,Other Measuring Instruments 
90302000,Oscilloscopes and oscillographs,ELECTRONIC INSTRUMENTS,Oscilloscopes
90303100,Multimeters without a recording device,ELECTRONIC INSTRUMENTS,Meters
90303200,Multimeters with a recording device,ELECTRONIC INSTRUMENTS,Meters
90303310,"Ammeters, voltmeters and watt meters",ELECTRONIC INSTRUMENTS,Meters
90303320,Spectrum resistance meters,ELECTRONIC INSTRUMENTS,Meters
90303330,Capacitance meters,ELECTRONIC INSTRUMENTS,Meters
90303340,Frequency measuring apparatus,ELECTRONIC INSTRUMENTS,Meters
90303350,Megar meters,ELECTRONIC INSTRUMENTS,Meters
90303390,Other Meters,ELECTRONIC INSTRUMENTS,Meters
90303900,"Other Meters, with a recording device",ELECTRONIC INSTRUMENTS,Meters
90304000,"Other instruments and apparatus, specially designed for telecommunications ( for example, cross-talk meters, gain measuring instrumetns, distortion factor meters, psophometers)",ELECTRONIC INSTRUMENTS,Meters
90308200,Other instruments and apparatus : For measuring or checking semiconductor wafers or devices,ELECTRONIC INSTRUMENTS,Instrument for semiconductor checking
90308400,"Other semiconductor measuring device, with a recording device",ELECTRONIC INSTRUMENTS,Instrument for semiconductor checking
90308910,Scintillator counters,ELECTRONIC INSTRUMENTS,Other Measuring Instruments 
90308920,Vecterscope,ELECTRONIC INSTRUMENTS,Oscilloscopes
90308990,Other analysers,ELECTRONIC INSTRUMENTS,Other Measuring Instruments 
90309010,Parts of meters and counters,ELECTRONIC INSTRUMENTS,Parts of Meters and counters
90309090,Other parts of meters and counters,ELECTRONIC INSTRUMENTS,Parts of Meters and counters
90321010,Thermostats for refrigerating and air conditioning appliances and machinery,ELECTRONIC INSTRUMENTS,Automatic electricity regulators or controlers
90321090,Other Thermostats,ELECTRONIC INSTRUMENTS,Automatic electricity regulators or controlers
90322010,Manostat For refrigerating and air conditioning appliances and machinery,ELECTRONIC INSTRUMENTS,Automatic electricity regulators or controlers
90322090,Other Manostat,ELECTRONIC INSTRUMENTS,Automatic electricity regulators or controlers
90328100,Hydraulic or pneumatic instruments for electricity controll,ELECTRONIC INSTRUMENTS,Automatic electricity regulators or controlers
90328910,Electronic automatic regulators,ELECTRONIC INSTRUMENTS,Automatic electricity regulators or controlers
90328990,Other electronic automatic regulators,ELECTRONIC INSTRUMENTS,Automatic electricity regulators or controlers
90329000,Parts and accessories of automatic regulating instruments,ELECTRONIC INSTRUMENTS,Parts and accessories of automatic regulating instruments
84439951,"Ink cartridges, with print head assembly",ELECTRONIC COMPONENTS,Ink cartridge and parts
84439952,Ink spray nozzle,ELECTRONIC COMPONENTS,Ink cartridge and parts
84734090,Other parts of duplicating machines,ELECTRONIC COMPONENTS,Parts of Printing/copying machinery
85011011,MICRO MOTORS,ELECTRONIC COMPONENTS,Motors
85011012,Stepper Motor,ELECTRONIC COMPONENTS,Motors
85041010,Ballast for tubes,ELECTRONIC COMPONENTS,Ballasts
85041020,Ballast for Flourescent Lamps,ELECTRONIC COMPONENTS,Ballasts
85041090,Other Ballast,ELECTRONIC COMPONENTS,Ballasts
85043100,Transformer - Having a power handling capacity not exceeding 1 k VA,ELECTRONIC COMPONENTS,Transformers
85045010,Choke coils (Chokes),ELECTRONIC COMPONENTS,Inductors
85045090,Others inductors,ELECTRONIC COMPONENTS,Inductors
85049010,Parts of transformers,ELECTRONIC COMPONENTS,Parts of transformers
85049090,Other parts of transformers,ELECTRONIC COMPONENTS,Parts of transformers
85051110,Ferrite Cores,ELECTRONIC COMPONENTS,Electro Magnets
85051190,Other electro magnets,ELECTRONIC COMPONENTS,Electro Magnets
85051900,Other electro magnets,ELECTRONIC COMPONENTS,Electro Magnets
85052000,Electro magnetic coupling,ELECTRONIC COMPONENTS,Electro Magnets - Parts
85059000,ELECTRO MAGNETIC LIFTING HEADS ,ELECTRONIC COMPONENTS,Electro Magnets - Parts
85112010,Electronic magnetos,ELECTRONIC COMPONENTS,Electronic magnetos
85312000,Indicator panels incorporating liquid crystal devices (LCD) or light emitting diodes (LED),ELECTRONIC COMPONENTS,Display panels
85318000,OTHER APPARATUS - Display panels,ELECTRONIC COMPONENTS,Display panels
85319000,Parts of Display pannel,ELECTRONIC COMPONENTS,Parts of Display Panel
85321000,Fixed capacitors designed for use in 50/60 Hz circuits and having a rective power handling capacity of not less than 0.5 KVA (power capacitors),ELECTRONIC COMPONENTS,Capacitor
85322100,Tantalum ,ELECTRONIC COMPONENTS,Capacitor
85322200,Aluminium electrolytic ,ELECTRONIC COMPONENTS,Capacitor
85322300,"Ceramic dielectric, single layer ",ELECTRONIC COMPONENTS,Capacitor
85322400,"Ceramic dielectric, multilayar ",ELECTRONIC COMPONENTS,Capacitor
85322500,Dielectric of paper or plastics.,ELECTRONIC COMPONENTS,Capacitor
85322910,Mica Capacitors,ELECTRONIC COMPONENTS,Capacitor
85322990,Other Capacitors,ELECTRONIC COMPONENTS,Capacitor
85323000,Variable or adjustable (pre-set) capacitors.,ELECTRONIC COMPONENTS,Capacitor
85329000,Parts of capacitor,ELECTRONIC COMPONENTS,Parts of Capacitors
85331000,Fixed carbon resistors composition or film types.,ELECTRONIC COMPONENTS,Resistors
85332111,Bare Wire Nichrome Resistors,ELECTRONIC COMPONENTS,Resistors
85332119,Other Bare Wire Resistors,ELECTRONIC COMPONENTS,Resistors
85332121,Insulated Wire Nichrome Resistors,ELECTRONIC COMPONENTS,Resistors
85332129,Other Insulated Wire Resistors,ELECTRONIC COMPONENTS,Resistors
85332911,Other Bare Wire Nichrome Resistors,ELECTRONIC COMPONENTS,Resistors
85332919,Other Bare Wire Resistors,ELECTRONIC COMPONENTS,Resistors
85332921,Other Insulated Wire Nichrome Resistors,ELECTRONIC COMPONENTS,Resistors
85332929,Other Insulated Wire Resistors,ELECTRONIC COMPONENTS,Resistors
85333110,Potentiometers  <20 W,ELECTRONIC COMPONENTS,Variable Resistors
85333120,Rheostats <20 W,ELECTRONIC COMPONENTS,Variable Resistors
85333190,OTHER Variable Resistors <20W,ELECTRONIC COMPONENTS,Variable Resistors
85333910,Potentiometers,ELECTRONIC COMPONENTS,Variable Resistors
85333920,Rheostats,ELECTRONIC COMPONENTS,Variable Resistors
85333990,Other Variable Resistors,ELECTRONIC COMPONENTS,Variable Resistors
85334010,Other Potentiometers,ELECTRONIC COMPONENTS,Variable Resistors
85334020,Other RHEOSTATS,ELECTRONIC COMPONENTS,Variable Resistors
85334030,THERMISTORS,ELECTRONIC COMPONENTS,Variable Resistors
85334090,other Variable Resistors  ,ELECTRONIC COMPONENTS,Variable Resistors
85339000,Parts of variable resistors,ELECTRONIC COMPONENTS,Parts of variable resistors
85340000,Printed Circuits for Variable Resistors,ELECTRONIC COMPONENTS,Parts of variable resistors
85361060,Electronic Fuses,ELECTRONIC COMPONENTS,Electronic Fuses
85364100,Relays For a voltage not exceeding 60 V,ELECTRONIC COMPONENTS,Relays
85364900,Other Relays,ELECTRONIC COMPONENTS,Relays
85367000,Connectors for optical fibers ,ELECTRONIC COMPONENTS,Connectors
85394100,Arc Lamps,ELECTRONIC COMPONENTS,Ultra Violet - ARC-Lamps
85394900,Other ultra violet or infra red lamps,ELECTRONIC COMPONENTS,Ultra Violet - ARC-Lamps
85395000,LED Lamps,ELECTRONIC COMPONENTS,LED Lamps
85399010,Parts of CFL,ELECTRONIC COMPONENTS,Parts of Lamps
85399020,Parts of Arc Lamps,ELECTRONIC COMPONENTS,Parts of Lamps
85399090,Other Parts of Lamps,ELECTRONIC COMPONENTS,Parts of Lamps
85401110,"Colour Television picture tubes of 20"" and 21"" size, except 21"" flat and full square (F&FST) Colour TV picture tubes",ELECTRONIC COMPONENTS,Picture Tube
85401120,Colour Video monitor cathode-ray tubes,ELECTRONIC COMPONENTS,Picture Tube
85401190,Other Colour Picture tubes,ELECTRONIC COMPONENTS,Picture Tube
85401200,Black and white or monochrome picture tubes :,ELECTRONIC COMPONENTS,Picture Tube
85402000,Television camera tubes; Image converters and intensifiers; other photos cathode tubes,ELECTRONIC COMPONENTS,Picture Tube
85404010,"Data/graphic display tubes, black and white or  monochrome",ELECTRONIC COMPONENTS,Picture Tube
85404020,Data/graphic display tubes colour with a phosphor dot screen pitch smaller than 0.4 mm,ELECTRONIC COMPONENTS,Picture Tube
85406000,Other cathode-ray tubes,ELECTRONIC COMPONENTS,Picture Tube
85407100,Microwave Tubes - Magnetrons,ELECTRONIC COMPONENTS,Microwave Tubes
85407900,Other Microwaves  tubes,ELECTRONIC COMPONENTS,Microwave Tubes
85408100,Receiver or amplifer valves and tubes,ELECTRONIC COMPONENTS,Other valves and tube
85408900,Other valves and tube,ELECTRONIC COMPONENTS,Other valves and tube
85409100,Parts of cathod ray-tubes.,ELECTRONIC COMPONENTS,Parts of Picture Tubes
85409900,Others parts of picture tubes,ELECTRONIC COMPONENTS,Parts of Picture Tubes
85411000,"Diodes, other than photosensititive or light emitting diodes",ELECTRONIC COMPONENTS,Diodes
85412100,Transistors with a dissipation rate of less than 1W,ELECTRONIC COMPONENTS,Transistors
85412900,Other Transistors,ELECTRONIC COMPONENTS,Transistors
85413010,Thyristors ,ELECTRONIC COMPONENTS,Thyristors
85413090,Other Thyristors,ELECTRONIC COMPONENTS,Thyristors
85414011,Solar cells wherther or not assembled in modules or panels ,ELECTRONIC COMPONENTS,Photocells
85414019,Other solar cells,ELECTRONIC COMPONENTS,Photocells
85414020,Light emitting diodes (elector luminescent),ELECTRONIC COMPONENTS,Photocells
85414090,Other Photocells,ELECTRONIC COMPONENTS,Photocells
85415000,Other photo sensitive semiconductors devices,ELECTRONIC COMPONENTS,Photocells
85416000,Mounted peizo-electric crystals,ELECTRONIC COMPONENTS,Piezo Electric Crystals
85419000,Parts of photo sensitive Semiconductors Devices,ELECTRONIC COMPONENTS,Parts of Photocells
85423100,Micro Processors and Controller,ELECTRONIC COMPONENTS,Integrated Circuits
85423200,Memories,ELECTRONIC COMPONENTS,Integrated Circuits
85423300,Amplifiers IC,ELECTRONIC COMPONENTS,Integrated Circuits
85423900,Other Electronic Integrated Circuits,ELECTRONIC COMPONENTS,Integrated Circuits
85429000,Parts of Integrated Circuits,ELECTRONIC COMPONENTS,Parts of Integrated Circuits
85442010,Co-axial cable,ELECTRONIC COMPONENTS,Co-axial cable
85442090,Other Co-axial cable,ELECTRONIC COMPONENTS,Co-axial cable
90066100,Discharge Lamps (Electronic) Flash Light apparatus),ELECTRONIC COMPONENTS,Discharge Lamps
90138010,Liquid crystal devices (LCD),ELECTRONIC COMPONENTS,LCD
90138090,Other LCD,ELECTRONIC COMPONENTS,LCD
90139010,For liquid crystal devices (LCD),ELECTRONIC COMPONENTS,Parts of LCD
90139090,Other Parts of LCD,ELECTRONIC COMPONENTS,Parts of LCD
90219010,Parts and Accessories of Hearing Aids,ELECTRONIC COMPONENTS,Parts of Hearing Aids
90223000,X-ray tubes,ELECTRONIC COMPONENTS,X ray tubes
90229010,X-ray valves,ELECTRONIC COMPONENTS,Parts of X Ray equiments
90279020,Printed Circuit Assemblies for measuing Instruments,ELECTRONIC COMPONENTS,Parts of Measuring Instruments 
91081100,Watch Movements - Electrically operated : with mechanical display only or with a device to which a mechanical display can be incorporated,ELECTRONIC COMPONENTS,Parts of Watches and Clocks
91081200,Watch movements with opto-electronic display only,ELECTRONIC COMPONENTS,Parts of Watches and Clocks
91081900,Other watch movements & Parts,ELECTRONIC COMPONENTS,Parts of Watches and Clocks
91091000,Movements Of alarm clocks,ELECTRONIC COMPONENTS,Parts of Watches and Clocks
91091090,Other parts of watches and clocks,ELECTRONIC COMPONENTS,Parts of Watches and Clocks
84433100,"Machines which perform two or more of the functions of printing, copying or facsimile transmission, capable of connecting to an automatic data processing machine or to a network",COMPUTER HARDWARE,Printer and copier
84433210,Line printer,COMPUTER HARDWARE,Printer and copier
84433220,Dot matrix printer,COMPUTER HARDWARE,Printer and copier
84433230,Letter quality daisy wheel printer,COMPUTER HARDWARE,Printer and copier
84433240,Laser jet printer,COMPUTER HARDWARE,Printer and copier
84433250,Ink Jet printer,COMPUTER HARDWARE,Printer and copier
84433910,Ink-jet printing machine,COMPUTER HARDWARE,Printer and copier
84713010,Personal computer,COMPUTER HARDWARE,Personal Computer
84713090,Other personal computer,COMPUTER HARDWARE,Personal Computer
84714110,Micro Computer,COMPUTER HARDWARE,Personal Computer
84714120,Large/Main Frame Computer.,COMPUTER HARDWARE,Personal Computer
84714190,Others Personal computer,COMPUTER HARDWARE,Personal Computer
84714900,"Other, presented in the form of systems",COMPUTER HARDWARE,Personal Computer
84715000,"Processing unites other than those of sub-heading 8471 41 or 8471 49, whether or not containing in the same housing one or two of the following types of unit : storage units, input units, output units",COMPUTER HARDWARE,Personal Computer
84716010,Combined input or output units of automatic data processing machines,COMPUTER HARDWARE,Parts of PC
84716024,GRAPHIC PRINTER,COMPUTER HARDWARE,Printer 
84716025,PLOTTER,COMPUTER HARDWARE,Printer 
84716029,Other Printers,COMPUTER HARDWARE,Printer 
84716040,KEYBOARDS,COMPUTER HARDWARE,Peripherals
84716050,SCANNER,COMPUTER HARDWARE,Peripherals
84716060,MOUSE,COMPUTER HARDWARE,Peripherals
84716090,Other Parts of PC,COMPUTER HARDWARE,Parts of PC
84717010,FLOPPY DISC DRIVES,COMPUTER HARDWARE,Storage Units
84717020,Hard disc drives.,COMPUTER HARDWARE,Storage Units
84717030,Removal/exchangeable disc drives.,COMPUTER HARDWARE,Storage Units
84717040,Magnetic tape drives.,COMPUTER HARDWARE,Storage Units
84717050,Cartridge tape drive.,COMPUTER HARDWARE,Storage Units
84717060,CD ROM DRIVE,COMPUTER HARDWARE,Storage Units
84717070,DVD DRIVE,COMPUTER HARDWARE,Storage Units
84717090,Other Drives,COMPUTER HARDWARE,Storage Units
84718000,Other units of automatic data processing machines,COMPUTER HARDWARE,Parts of PC
84719000,Other Parts of PC,COMPUTER HARDWARE,Parts of PC
84732100,"Parts & accessories of electronic calculating machines of heading no. 8470 10, 8470 21 or 8471 29 ",COMPUTER HARDWARE,Parts of Calculators
84732900,Other parts of calculators,COMPUTER HARDWARE,Parts of Calculators
84733010,Micro processors,COMPUTER HARDWARE,Parts of PC
84733020,MOTHERBOARDS,COMPUTER HARDWARE,Parts of PC
84733030,Other mounted printed circuit boards for data processing machines,COMPUTER HARDWARE,Parts of PC
84733040,Head Stack,COMPUTER HARDWARE,Parts of PC
84733091,Network access controllers,COMPUTER HARDWARE,Parts of PC
84733092,Graphic and intelligence based script Technology (GIST) cards for multilingual computers,COMPUTER HARDWARE,PC cards
84733099,Other cards,COMPUTER HARDWARE,PC cards
84735000,Parts of Automatic data processing machines,COMPUTER HARDWARE,Parts of PC
85284200,CRT Monitor of a kind solely or principally used in an automatic data processing system of heading 8471,COMPUTER HARDWARE,Monitor
85284900,Other CRT monitors,COMPUTER HARDWARE,Monitor
85285200,Monitors solely or principally used in an automatic data processing system of heading 8471,COMPUTER HARDWARE,Monitor
85285900,Other Monitors,COMPUTER HARDWARE,Monitor
85286100,Projectors,COMPUTER HARDWARE,Projectors
85286900,"Other Projectors
",COMPUTER HARDWARE,Projectors
85238020,Information Technology software,COMPUTER SOFTWARE,Software
85238060,2-D/ 3-D computer graphics,COMPUTER SOFTWARE,Software
84433260,Facsimile machine,TELECOM EQUIPMENTS,Facsimile machine
84433290,Other Printing or Copying Machine,TELECOM EQUIPMENTS,Printer and copier
85171110,Push button type cordless phones,TELECOM EQUIPMENTS,Telephone sets
85171190,Other Cordless Telephones,TELECOM EQUIPMENTS,Telephone sets
85171210,Push button type Mobile phones,TELECOM EQUIPMENTS,Mobile phones
85171290,Other mobile phones,TELECOM EQUIPMENTS,Mobile phones
85171810,Other Push button type phones,TELECOM EQUIPMENTS,Telephone sets
85171890,Other telephone sets,TELECOM EQUIPMENTS,Telephone sets
85176100,Base stations,TELECOM EQUIPMENTS,Telecom Transmission or Reception apparatus
85176210,PLCC equipment,TELECOM EQUIPMENTS,Telecom Transmission or Reception apparatus
85176220,Voice frequency telegraphy,TELECOM EQUIPMENTS,Telecom Transmission or Reception apparatus
85176230,Modems (modulators-demodulators),TELECOM EQUIPMENTS,Telecom Transmission or Reception apparatus
85176240,High Bit Rate digital subscriber line System (HDSL),TELECOM EQUIPMENTS,Telecom Transmission or Reception apparatus
85176250,Digital Loop Carrier System (DLC),TELECOM EQUIPMENTS,Telecom Transmission or Reception apparatus
85176260,Synchronous Digital Hierarchy Ssystem (SDH),TELECOM EQUIPMENTS,Telecom Transmission or Reception apparatus
85176270,"Multiplexers, statistical multiplexers ",TELECOM EQUIPMENTS,Telecom Transmission or Reception apparatus
85176290,Other reception / transmission apparatus ,TELECOM EQUIPMENTS,Telecom Transmission or Reception apparatus
85176910,ISDN System,TELECOM EQUIPMENTS,Telecom Transmission or Reception apparatus
85176920,ISDN Terminal Adaptor,TELECOM EQUIPMENTS,Telecom Transmission or Reception apparatus
85176930,Routers,TELECOM EQUIPMENTS,Telecom Transmission or Reception apparatus
85176940,X 25 pads,TELECOM EQUIPMENTS,Telecom Transmission or Reception apparatus
85176950,Subscriber end equipment,TELECOM EQUIPMENTS,Telecom Transmission or Reception apparatus
85176960,Set top boxes for gaining access to the Internet,TELECOM EQUIPMENTS,Telecom Transmission or Reception apparatus
85176970,Attachments for Telephones,TELECOM EQUIPMENTS,Telecom Transmission or Reception apparatus
85176990,Other parts of telephones,TELECOM EQUIPMENTS,Telecom Transmission or Reception apparatus
85177010,"Populated, loaded or stuffed Printed Circuit Boards for transmission / reception apparatus",TELECOM EQUIPMENTS,Parts of transmission / reception apparatus
85177090,Other parts of transmission / reception apparatus,TELECOM EQUIPMENTS,Parts of transmission / reception apparatus
85195000,Telephone answering machines Other apparatus:,TELECOM EQUIPMENTS,Audio / Video Machine
85255010,Radio broadcast transmitter,TELECOM EQUIPMENTS,Radio / TV transmission apparatus
85255020,TV broadcast transmitter,TELECOM EQUIPMENTS,Radio / TV transmission apparatus
85255030,Broadcast equipment subsystem,TELECOM EQUIPMENTS,Radio / TV transmission apparatus
85255040,Communication jamming equipments,TELECOM EQUIPMENTS,Jamming Equipment
85255050,Wireless microphone,TELECOM EQUIPMENTS,Loudspeakers / Microphones
85255090,Other transmission apparatus,TELECOM EQUIPMENTS,Radio / TV transmission apparatus
85256011,Walkie talkie set,TELECOM EQUIPMENTS,Radio / TV transmission apparatus
85256012,Marine radio communication equipment,TELECOM EQUIPMENTS,Radio / TV transmission apparatus
85256013,Amateur radio equipment,TELECOM EQUIPMENTS,Radio / TV transmission apparatus
85256019,Other 2 way communication equipment,TELECOM EQUIPMENTS,Radio / TV transmission apparatus
85256091,VSAT Terminals,TELECOM EQUIPMENTS,Satellite communication equipment
85256092,Other satellite communicaton equipment,TELECOM EQUIPMENTS,Satellite communication equipment
85256099,Other satellite communicaton equipment,TELECOM EQUIPMENTS,Satellite communication equip ment
85258010,Television cameras,TELECOM EQUIPMENTS,Camera
85261000,Radar apparatus,TELECOM EQUIPMENTS,Radar Apparatus
85269150,VHF omni range equipment,TELECOM EQUIPMENTS,Navigational instruments
85269190,Other radio Navigational apparatus,TELECOM EQUIPMENTS,Navigational instruments
85269200,Radio remote control apparatus.,TELECOM EQUIPMENTS,Navigational instruments
85279911,Radio pagers,TELECOM EQUIPMENTS,Radio Communication Receiver
85279912,Demodulators,TELECOM EQUIPMENTS,Radio Communication Receiver
85279919,Other radio apparatus,TELECOM EQUIPMENTS,Radio Communication Receiver
85279990,Other radio apparatus,TELECOM EQUIPMENTS,Radio Communication Receiver
85291011,Dish Antenna for jamming equipment,TELECOM EQUIPMENTS,Dish Antenna
85291012,Dish Antenna for amateur radio communication jamming equipment,TELECOM EQUIPMENTS,Dish Antenna
85291019,Other Dish Antennas,TELECOM EQUIPMENTS,Dish Antenna
85291021,Antenna for Communication Jamming Equipment,TELECOM EQUIPMENTS,Aerials or Antenna 
85291022,Antenna for amateur radio communication jamming equipment,TELECOM EQUIPMENTS,Aerials or Antenna 
85291029,Other Antenna,TELECOM EQUIPMENTS,Aerials or Antenna 
85291091,Reflectors for communication jamming equipment,TELECOM EQUIPMENTS,Aerials or Antenna 
85291092,Reflectors for amateur radio,TELECOM EQUIPMENTS,Aerials or Antenna 
85291099,Other Reflectors,TELECOM EQUIPMENTS,Aerials or Antenna 
85299010,Parts for Communication jamming equipment,TELECOM EQUIPMENTS,Aerials or Antenna 
85299020,Parts for amateur radio communication equipment,TELECOM EQUIPMENTS,Aerials or Antenna 
85299090,Other parts of amateur radio and Jamming equipment,TELECOM EQUIPMENTS,Aerials or Antenna 
85437091,RF Power Amplifier and Noice Generators for Communication Jamming Equipment,TELECOM EQUIPMENTS,Jamming Equipment
90011000,"Optical Fibres, Optical Fibres Bundles and Cables",TELECOM EQUIPMENTS,Optical Fibre Cable
